Sta_Ann;Annee; IPR_Note  ; NER ;NEL ; NTE ; DIT ;DIO ;DII ; DTI ; IPR_Cl
Barr;2015;108.36;20.3936368647208;18.7652278640472;24.3697059942969;16.8663742084718;20.2258022993439;0.497038053976503;7.24690825147493;5
Barr;2021;15.0721637875998;3.49276325717857;2.54321051491568;0.518759513241526;5.60392851033826;1.07446710577999;0.79649795445714;0.0425369316886771;2
Aval;2015;13.82;2.86;5.05;0.42;1.65129405316385;3.01;0.23;0.97;2
Aval;2016;14.1594897060553;2.91671627664783;4.93094232861766;0.455421517169249;1.67441139975518;2.70389585324848;0.182428884859014;1.29567344575788;2
Aval;2021;17.78;3.8352290263054;4.51677015010057;1.02919781103538;4.85214889309079;1.66140735679512;1.52203352368556;0.367442788890632;3
Amt;2015;21.42;3.26530769952268;5.75751371791752;0.88886924340551;3.77940054087937;4.9536364020896;1.93331499331372;0.85032195908967;3
Amt;2016;22.96;3.1;6.19;0.19;4.67;6.63;23.15;0.02;3
Amt;2021;17.88;3.6666933864421;4.89268917939473;1.47570186223002;3.52164832674489;1.26710953517222;1.86120120347775;1.19535030064268;3
